Workbook

Sheet Index&Match
C4: C_Code | D4: FirstName | E4: LastName | F4: Birthdate | G4: Gender | H4: M_Status | I4: Department | J4: Region | K4: Basic Salary | L4: Name
C5: 150834 | D5: Ram | E5: Ambradkar | F5: 31199 | G5: Female | H5: Married | I5: FLM | J5: North | K5: 4800 | L5: =D5&" "&E5 -> Ram Ambradkar
C6: 150784 | D6: Sachin | E6: Bangera | F6: 28365 | G6: Female | H6: Single | I6: Digital Marketing | J6: North | K6: 35000 | L6: =D6&" "&E6 -> Sachin Bangera
C7: 150791 | D7: Rajesh | E7: Bohra | F7: 23346 | G7: Female | H7: Married | I7: Digital Marketing | J7: North | K7: 67000 | L7: =D7&" "&E7 -> Rajesh Bohra | M7: Figure out who has the Max and Min Salary
C8: 150940 | D8: Rajeesh | E8: C | F8: 26906 | G8: Male | H8: Single | I8: Inside Sales | J8: South | K8: 87000 | L8: =D8&" "&E8 -> Rajeesh C
C9: 150777 | D9: Melwyn | E9: Crasto | F9: 21123 | G9: Male | H9: Married | I9: Marketing | J9: North | K9: 22000 | L9: =D9&" "&E9 -> Melwyn Crasto | M9: Name of Employees, who have | O9: First Name
C10: 150805 | D10: Rajesh | E10: Dedhia | F10: 26172 | G10: Male | H10: Married | I10: Director | J10: North | K10: 91000 | L10: =D10&" "&E10 -> Rajesh Dedhia | M10: Max Salary | N10: =MAX(K5:K42) -> 92000 | O10: =VLOOKUP(MAX(K5:K42),K5:L42,2,0) -> Dinesh Dhanuka | Q10: =_xlfn.FORMULATEXT(O10) -> =VLOOKUP(MAX(K5:K42),K5:L42,2,0)
C11: 150990 | D11: Dattatray | E11: Desai | F11: 36400 | G11: Male | H11: Married | I11: Learning & Development | J11: Mid West | K11: 77000 | L11: =D11&" "&E11 -> Dattatray Desai | M11: Min Salary | N11: =MIN(K5:K42) -> 4800 | O11: =VLOOKUP(MIN(K5:K42),K5:L42,2,0) -> Ram Ambradkar | Q11: =_xlfn.FORMULATEXT(O11) -> =VLOOKUP(MIN(K5:K42),K5:L42,2,0)
C12: 150989 | D12: Vishnu | E12: Desai | F12: 33113 | G12: Male | H12: Married | I12: Digital Marketing | J12: Mid West | K12: 45000 | L12: =D12&" "&E12 -> Vishnu Desai
C13: 150881 | D13: Dinesh | E13: Dhanuka | F13: 30337 | G13: Male | H13: Single | I13: Digital Marketing | J13: East | K13: 92000 | L13: =D13&" "&E13 -> Dinesh Dhanuka
C14: 150814 | D14: Heena | E14: Dongre | F14: 26246 | G14: Male | H14: Married | I14: Inside Sales | J14: North | K14: 50000 | L14: =D14&" "&E14 -> Heena Dongre
C15: 150937 | D15: Dhiren | E15: Haria | F15: 24700 | G15: Male | H15: Married | I15: Learning & Development | J15: South | K15: 37000 | L15: =D15&" "&E15 -> Dhiren Haria
C16: 150888 | D16: Gururaj | E16: Joshi | F16: 29221 | G16: Male | H16: Married | I16: Learning & Development | J16: East | K16: 43000 | L16: =D16&" "&E16 -> Gururaj Joshi
C17: 150865 | D17: Ruffina | E17: Joshi | F17: 31279 | G17: Female | H17: Married | I17: CEO | J17: East | K17: 90000 | L17: =D17&" "&E17 -> Ruffina Joshi
C18: 150858 | D18: Jagjit | E18: Kahlon | F18: 34846 | G18: Male | H18: Married | I18: CCD | J18: East | K18: 34000 | L18: =D18&" "&E18 -> Jagjit Kahlon
C19: 150930 | D19: Piyush | E19: Kamdar | F19: 37027 | G19: Male | H19: Married | I19: Digital Marketing | J19: South | K19: 82000 | L19: =D19&" "&E19 -> Piyush Kamdar
C20: 150894 | D20: D | E20: Kulkarni | F20: 37124 | G20: Male | H20: Married | I20: Inside Sales | J20: South | K20: 67000 | L20: =D20&" "&E20 -> D Kulkarni
C21: 150947 | D21: Raju | E21: Manek | F21: 33449 | G21: Female | H21: Married | I21: CCD | J21: South | K21: 85000 | L21: =D21&" "&E21 -> Raju Manek
C22: 150905 | D22: Yogesh | E22: Mansharamani | F22: 30819 | G22: Female | H22: Single | I22: FLM | J22: South | K22: 62000 | L22: =D22&" "&E22 -> Yogesh Mansharamani
C23: 150995 | D23: Satish | E23: Pasari | F23: 35330 | G23: Male | H23: Married | I23: Inside Sales | J23: Mid West | K23: 15000 | L23: =D23&" "&E23 -> Satish Pasari
... C42: 150821 | D42: Yashraj | E42: Vaidya | F42: 29966 | G42: Male | H42: Single | I42: CCD | J42: North | K42: 26000 | L42: =D42&" "&E42 -> Yashraj Vaidya

Sheet Master Emp sheet
D2: Get Region, Department and Salary of all Employees from Sheet "Source"
D3: If C-Code is not present, display "Retired"
D4: *Use Name Range and Vlookup with Match Function
C6: C_Code | D6: FirstName | E6: LastName | F6: Birthdate | G6: Gender | H6: M_Status | I6: Region | J6: Department | K6: Basic Salary
C7: 150834 | D7: Ram | E7: Ambradkar | F7: 31199 | G7: Female | H7: Married | I7: =VLOOKUP($C$7:$C$44,Source!$C$5:$F$40,MATCH('Master Emp sheet'!I$6,Source!$C$5:$F$5,0)) -> North | J7: =VLOOKUP($C$7:$C$44,Source!$C$5:$F$40,MATCH('Master Emp sheet'!J$6,Source!$C$5:$F$5,0)) -> FLM | K7: =VLOOKUP($C$7:$C$44,Source!$C$5:$F$40,MATCH('Master Emp sheet'!K$6,Source!$C$5:$F$5,0)) -> 48000
C8: 150784 | D8: Sachin | E8: Bangera | F8: 28365 | G8: Female | H8: Single | I8: =VLOOKUP($C$7:$C$44,Source!$C$5:$F$40,MATCH('Master Emp sheet'!I$6,Source!$C$5:$F$5,0)) -> North | J8: =VLOOKUP($C$7:$C$44,Source!$C$5:$F$40,MATCH('Master Emp sheet'!J$6,Source!$C$5:$F$5,0)) -> Digital Marketing | K8: =VLOOKUP($C$7:$C$44,Source!$C$5:$F$40,MATCH('Master Emp sheet'!K$6,Source!$C$5:$F$5,0)) -> 35000
C9: 150791 | D9: Rajesh | E9: Bohra | F9: 23346 | G9: Female | H9: Married | I9: =VLOOKUP($C$7:$C$44,Source!$C$5:$F$40,MATCH('Master Emp sheet'!I$6,Source!$C$5:$F$5,0)) -> North | J9: =VLOOKUP($C$7:$C$44,Source!$C$5:$F$40,MATCH('Master Emp sheet'!J$6,Source!$C$5:$F$5,0)) -> Digital Marketing | K9: =VLOOKUP($C$7:$C$44,Source!$C$5:$F$40,MATCH('Master Emp sheet'!K$6,Source!$C$5:$F$5,0)) -> 67000
C10: 150940 | D10: Rajeesh | E10: C | F10: 26906 | G10: Male | H10: Single | I10: =VLOOKUP($C$7:$C$44,Source!$C$5:$F$40,MATCH('Master Emp sheet'!I$6,Source!$C$5:$F$5,0)) -> South | J10: =VLOOKUP($C$7:$C$44,Source!$C$5:$F$40,MATCH('Master Emp sheet'!J$6,Source!$C$5:$F$5,0)) -> Inside Sales | K10: =VLOOKUP($C$7:$C$44,Source!$C$5:$F$40,MATCH('Master Emp sheet'!K$6,Source!$C$5:$F$5,0)) -> 87000
C11: 150777 | D11: Melwyn | E11: Crasto | F11: 21123 | G11: Male | H11: Married | I11: =VLOOKUP($C$7:$C$44,Source!$C$5:$F$40,MATCH('Master Emp sheet'!I$6,Source!$C$5:$F$5,0)) -> North | J11: =VLOOKUP($C$7:$C$44,Source!$C$5:$F$40,MATCH('Master Emp sheet'!J$6,Source!$C$5:$F$5,0)) -> Marketing | K11: =VLOOKUP($C$7:$C$44,Source!$C$5:$F$40,MATCH('Master Emp sheet'!K$6,Source!$C$5:$F$5,0)) -> 22000
C12: 150805 | D12: Rajesh | E12: Dedhia | F12: 26172 | G12: Male | H12: Married | I12: =VLOOKUP($C$7:$C$44,Source!$C$5:$F$40,MATCH('Master Emp sheet'!I$6,Source!$C$5:$F$5,0)) -> North | J12: =VLOOKUP($C$7:$C$44,Source!$C$5:$F$40,MATCH('Master Emp sheet'!J$6,Source!$C$5:$F$5,0)) -> Director | K12: =VLOOKUP($C$7:$C$44,Source!$C$5:$F$40,MATCH('Master Emp sheet'!K$6,Source!$C$5:$F$5,0)) -> 91000
C13: 150990 | D13: Dattatray | E13: Desai | F13: 36400 | G13: Male | H13: Married | I13: =VLOOKUP($C$7:$C$44,Source!$C$5:$F$40,MATCH('Master Emp sheet'!I$6,Source!$C$5:$F$5,0)) -> Mid West | J13: =VLOOKUP($C$7:$C$44,Source!$C$5:$F$40,MATCH('Master Emp sheet'!J$6,Source!$C$5:$F$5,0)) -> Learning & Development | K13: =VLOOKUP($C$7:$C$44,Source!$C$5:$F$40,MATCH('Master Emp sheet'!K$6,Source!$C$5:$F$5,0)) -> 77000
C14: 150989 | D14: Vishnu | E14: Desai | F14: 33113 | G14: Male | H14: Married | I14: =VLOOKUP($C$7:$C$44,Source!$C$5:$F$40,MATCH('Master Emp sheet'!I$6,Source!$C$5:$F$5,0)) -> Mid West | J14: =VLOOKUP($C$7:$C$44,Source!$C$5:$F$40,MATCH('Master Emp sheet'!J$6,Source!$C$5:$F$5,0)) -> Digital Marketing | K14: =VLOOKUP($C$7:$C$44,Source!$C$5:$F$40,MATCH('Master Emp sheet'!K$6,Source!$C$5:$F$5,0)) -> 45000
C15: 150881 | D15: Dinesh | E15: Dhanuka | F15: 30337 | G15: Male | H15: Single | I15: =VLOOKUP($C$7:$C$44,Source!$C$5:$F$40,MATCH('Master Emp sheet'!I$6,Source!$C$5:$F$5,0)) -> East | J15: =VLOOKUP($C$7:$C$44,Source!$C$5:$F$40,MATCH('Master Emp sheet'!J$6,Source!$C$5:$F$5,0)) -> Digital Marketing | K15: =VLOOKUP($C$7:$C$44,Source!$C$5:$F$40,MATCH('Master Emp sheet'!K$6,Source!$C$5:$F$5,0)) -> 92000
C16: 150814 | D16: Heena | E16: Dongre | F16: 26246 | G16: Male | H16: Married | I16: =VLOOKUP($C$7:$C$44,Source!$C$5:$F$40,MATCH('Master Emp sheet'!I$6,Source!$C$5:$F$5,0)) -> North | J16: =VLOOKUP($C$7:$C$44,Source!$C$5:$F$40,MATCH('Master Emp sheet'!J$6,Source!$C$5:$F$5,0)) -> Inside Sales | K16: =VLOOKUP($C$7:$C$44,Source!$C$5:$F$40,MATCH('Master Emp sheet'!K$6,Source!$C$5:$F$5,0)) -> 50000
C17: 150937 | D17: Dhiren | E17: Haria | F17: 24700 | G17: Male | H17: Married | I17: =VLOOKUP($C$7:$C$44,Source!$C$5:$F$40,MATCH('Master Emp sheet'!I$6,Source!$C$5:$F$5,0)) -> South | J17: =VLOOKUP($C$7:$C$44,Source!$C$5:$F$40,MATCH('Master Emp sheet'!J$6,Source!$C$5:$F$5,0)) -> Learning & Development | K17: =VLOOKUP($C$7:$C$44,Source!$C$5:$F$40,MATCH('Master Emp sheet'!K$6,Source!$C$5:$F$5,0)) -> 37000
C18: 150888 | D18: Gururaj | E18: Joshi | F18: 29221 | G18: Male | H18: Married | I18: =VLOOKUP($C$7:$C$44,Source!$C$5:$F$40,MATCH('Master Emp sheet'!I$6,Source!$C$5:$F$5,0)) -> East | J18: =VLOOKUP($C$7:$C$44,Source!$C$5:$F$40,MATCH('Master Emp sheet'!J$6,Source!$C$5:$F$5,0)) -> Learning & Development | K18: =VLOOKUP($C$7:$C$44,Source!$C$5:$F$40,MATCH('Master Emp sheet'!K$6,Source!$C$5:$F$5,0)) -> 43000
... C44: 150821 | D44: Yashraj | E44: Vaidya | F44: 29966 | G44: Male | H44: Single | I44: =VLOOKUP($C$7:$C$44,Source!$C$5:$F$40,MATCH('Master Emp sheet'!I$6,Source!$C$5:$F$5,0)) -> North | J44: =VLOOKUP($C$7:$C$44,Source!$C$5:$F$40,MATCH('Master Emp sheet'!J$6,Source!$C$5:$F$5,0)) -> CCD | K44: =VLOOKUP($C$7:$C$44,Source!$C$5:$F$40,MATCH('Master Emp sheet'!K$6,Source!$C$5:$F$5,0)) -> 26000

Sheet Source
C5: C_Code | D5: Department | E5: Region | F5: Basic Salary
C6: 150773 | D6: Finance | E6: North | F6: 85000
C7: 150777 | D7: Marketing | E7: North | F7: 22000
C8: 150784 | D8: Digital Marketing | E8: North | F8: 35000
C9: 150791 | D9: Digital Marketing | E9: North | F9: 67000
C10: 150798 | D10: Digital Marketing | E10: North | F10: 81000
C11: 150805 | D11: Director | E11: North | F11: 91000
C12: 150814 | D12: Inside Sales | E12: North | F12: 50000
C13: 150821 | D13: CCD | E13: North | F13: 26000
C14: 150830 | D14: Sales | E14: North | F14: 52000
C15: 150834 | D15: FLM | E15: North | F15: 48000
C16: 150840 | D16: Inside Sales | E16: East | F16: 20000
C17: 150850 | D17: CCD | E17: East | F17: 47000
... C40: 150995 | D40: Inside Sales | E40: Mid West | F40: 15000
